SapCode,SPU Id,ML Exclusion,Month,ML Forecast,Global Lag 0 PBU Consensus FC,Shipped Units
ACME,RE000001FR,N,1,5,10,7
ACME,RE000001FR,N,2,5,15,11
ACME,RE000001FR,N,3,9,8,8
ACME,RE000001FR,N,4,8,6,10
ACME,RE000001FR,N,5,17,12,14
ACME,RE000001FR,N,6,2,3,3
ACME,RE000001FR,N,7,3,4,4
ACME,RE000001FR,N,8,7,8,7
ACME,RE000001FR,N,9,5,7,6
ACME,RE000001FR,N,10,5,5,5
ACME,RE000001FR,N,11,4,5,6
ACME,RE000001FR,N,12,5,4,4
DELT,RE000002GB,N,1,23,26,25
DELT,RE000002GB,N,2,25,27,25
DELT,RE000002GB,N,3,21,19,21
DELT,RE000002GB,N,4,15,14,15
DELT,RE000002GB,N,5,9,10,11
DELT,RE000002GB,N,6,14,12,13
DELT,RE000002GB,N,7,16,16,17
DELT,RE000002GB,N,8,20,21,20
DELT,RE000002GB,N,9,20,16,17
DELT,RE000002GB,N,10,37,39,33
DELT,RE000002GB,N,11,22,23,26
DELT,RE000002GB,N,12,17,19,20
DELT,RE000003BE,N,1,38,36,50
DELT,RE000003BE,N,2,43,39,40
DELT,RE000003BE,N,3,36,47,42
DELT,RE000003BE,N,4,18,31,27
DELT,RE000003BE,N,5,58,52,43
DELT,RE000003BE,N,6,39,42,38
DELT,RE000003BE,N,7,34,36,51
DELT,RE000003BE,N,8,45,63,62
DELT,RE000003BE,N,9,103,71,82
DELT,RE000003BE,N,10,53,39,60
DELT,RE000003BE,N,11,84,57,72
DELT,RE000003BE,N,12,46,49,55
CIRA,RE000004GB,N,1,26,26,27
CIRA,RE000004GB,N,2,21,19,21
CIRA,RE000004GB,N,3,20,17,21
CIRA,RE000004GB,N,4,11,14,13
CIRA,RE000004GB,N,5,15,15,14
CIRA,RE000004GB,N,6,22,24,23
CIRA,RE000004GB,N,7,17,15,17
CIRA,RE000004GB,N,8,24,27,24
CIRA,RE000004GB,N,9,21,24,25
CIRA,RE000004GB,N,10,24,31,29
CIRA,RE000004GB,N,11,23,23,23
CIRA,RE000004GB,N,12,29,29,25
EVON,RE000005IT,N,1,97,93,96
EVON,RE000005IT,N,2,97,87,96
EVON,RE000005IT,N,3,121,93,111
EVON,RE000005IT,N,4,139,152,154
EVON,RE000005IT,N,5,139,134,141
EVON,RE000005IT,N,6,137,121,147
EVON,RE000005IT,N,7,156,159,157
EVON,RE000005IT,N,8,111,113,116
EVON,RE000005IT,N,9,128,84,120
EVON,RE000005IT,N,10,91,89,84
EVON,RE000005IT,N,11,77,74,79
EVON,RE000005IT,N,12,83,85,83
ACME,RE000006DE,Y,1,247,211,195
ACME,RE000006DE,Y,2,318,236,227
ACME,RE000006DE,Y,3,340,285,280
ACME,RE000006DE,Y,4,412,346,330
ACME,RE000006DE,Y,5,529,370,376
ACME,RE000006DE,Y,6,438,335,402
ACME,RE000006DE,Y,7,570,402,396
ACME,RE000006DE,Y,8,487,362,354
ACME,RE000006DE,Y,9,437,303,290
ACME,RE000006DE,Y,10,278,248,241
ACME,RE000006DE,Y,11,293,156,184
ACME,RE000006DE,Y,12,244,175,171
ACME,RE000007NL,N,1,11,12,12
ACME,RE000007NL,N,2,14,15,14
ACME,RE000007NL,N,3,10,9,10
ACME,RE000007NL,N,4,6,6,7
ACME,RE000007NL,N,5,3,4,4
ACME,RE000007NL,N,6,2,1,2
ACME,RE000007NL,N,7,9,9,9
ACME,RE000007NL,N,8,5,4,5
ACME,RE000007NL,N,9,8,9,9
ACME,RE000007NL,N,10,4,5,5
ACME,RE000007NL,N,11,5,6,6
ACME,RE000007NL,N,12,11,12,12
BORA,RE000008GB,Y,1,15,16,14
BORA,RE000008GB,Y,2,20,18,24
BORA,RE000008GB,Y,3,11,22,13
BORA,RE000008GB,Y,4,10,18,11
BORA,RE000008GB,Y,5,15,19,14
BORA,RE000008GB,Y,6,12,15,14
BORA,RE000008GB,Y,7,20,22,22
BORA,RE000008GB,Y,8,26,33,26
BORA,RE000008GB,Y,9,20,23,24
BORA,RE000008GB,Y,10,35,45,39
BORA,RE000008GB,Y,11,23,13,22
BORA,RE000008GB,Y,12,22,22,20
BORA,RE000009GB,Y,1,28,53,28
BORA,RE000009GB,Y,2,39,27,33
BORA,RE000009GB,Y,3,46,64,50
BORA,RE000009GB,Y,4,59,45,55
BORA,RE000009GB,Y,5,78,83,70
BORA,RE000009GB,Y,6,68,66,61
BORA,RE000009GB,Y,7,83,148,75
BORA,RE000009GB,Y,8,68,82,59
BORA,RE000009GB,Y,9,53,58,45
BORA,RE000009GB,Y,10,47,56,48
BORA,RE000009GB,Y,11,41,50,36
BORA,RE000009GB,Y,12,24,45,24
EVON,RE000010DE,Y,1,18,9,10
EVON,RE000010DE,Y,2,17,9,11
EVON,RE000010DE,Y,3,6,3,4
EVON,RE000010DE,Y,4,15,7,8
EVON,RE000010DE,Y,5,11,8,9
EVON,RE000010DE,Y,6,11,6,7
EVON,RE000010DE,Y,7,9,7,7
EVON,RE000010DE,Y,8,4,3,3
EVON,RE000010DE,Y,9,8,5,6
EVON,RE000010DE,Y,10,17,10,10
EVON,RE000010DE,Y,11,9,7,8
EVON,RE000010DE,Y,12,12,9,9
DELT,RE000011ES,N,1,15,15,16
DELT,RE000011ES,N,2,8,8,9
DELT,RE000011ES,N,3,7,8,7
DELT,RE000011ES,N,4,12,9,12
DELT,RE000011ES,N,5,6,6,6
DELT,RE000011ES,N,6,7,8,7
DELT,RE000011ES,N,7,6,4,5
DELT,RE000011ES,N,8,4,3,4
DELT,RE000011ES,N,9,2,1,2
DELT,RE000011ES,N,10,17,19,20
DELT,RE000011ES,N,11,14,14,13
DELT,RE000011ES,N,12,7,9,8
BORA,RE000012BE,N,1,96,106,92
BORA,RE000012BE,N,2,85,82,82
BORA,RE000012BE,N,3,92,76,84
BORA,RE000012BE,N,4,105,115,118
BORA,RE000012BE,N,5,149,107,152
BORA,RE000012BE,N,6,160,187,143
BORA,RE000012BE,N,7,166,205,180
BORA,RE000012BE,N,8,125,114,145
BORA,RE000012BE,N,9,138,97,116
BORA,RE000012BE,N,10,105,143,128
BORA,RE000012BE,N,11,113,92,82
BORA,RE000012BE,N,12,79,73,85
ACME,RE000013FR,Y,1,8,5,8
ACME,RE000013FR,Y,2,2,7,3
ACME,RE000013FR,Y,3,11,2,9
ACME,RE000013FR,Y,4,6,9,6
ACME,RE000013FR,Y,5,5,5,4
ACME,RE000013FR,Y,6,5,4,5
ACME,RE000013FR,Y,7,8,4,9
ACME,RE000013FR,Y,8,5,9,6
ACME,RE000013FR,Y,9,3,5,4
ACME,RE000013FR,Y,10,7,3,7
ACME,RE000013FR,Y,11,7,7,7
ACME,RE000013FR,Y,12,7,7,6
CIRA,RE000014NL,Y,1,35,21,22
CIRA,RE000014NL,Y,2,58,39,34
CIRA,RE000014NL,Y,3,23,18,20
CIRA,RE000014NL,Y,4,32,14,18
CIRA,RE000014NL,Y,5,28,22,22
CIRA,RE000014NL,Y,6,22,13,15
CIRA,RE000014NL,Y,7,20,11,13
CIRA,RE000014NL,Y,8,13,10,10
CIRA,RE000014NL,Y,9,10,7,8
CIRA,RE000014NL,Y,10,21,16,16
CIRA,RE000014NL,Y,11,33,23,22
CIRA,RE000014NL,Y,12,38,27,30
BORA,RE000015DE,N,1,22,18,19
BORA,RE000015DE,N,2,11,10,13
BORA,RE000015DE,N,3,8,11,10
BORA,RE000015DE,N,4,7,8,8
BORA,RE000015DE,N,5,13,14,12
BORA,RE000015DE,N,6,10,12,10
BORA,RE000015DE,N,7,15,14,14
BORA,RE000015DE,N,8,32,30,27
BORA,RE000015DE,N,9,27,39,31
BORA,RE000015DE,N,10,29,22,24
BORA,RE000015DE,N,11,18,14,21
BORA,RE000015DE,N,12,18,18,18
DELT,RE000016ES,Y,1,41,22,23
DELT,RE000016ES,Y,2,25,19,19
DELT,RE000016ES,Y,3,34,20,19
DELT,RE000016ES,Y,4,7,8,7
DELT,RE000016ES,Y,5,14,9,9
DELT,RE000016ES,Y,6,30,17,21
DELT,RE000016ES,Y,7,25,17,18
DELT,RE000016ES,Y,8,29,24,24
DELT,RE000016ES,Y,9,39,26,25
DELT,RE000016ES,Y,10,39,21,23
DELT,RE000016ES,Y,11,43,33,31
DELT,RE000016ES,Y,12,28,21,22
DELT,RE000017ES,Y,1,18,13,15
DELT,RE000017ES,Y,2,26,13,15
DELT,RE000017ES,Y,3,20,17,19
DELT,RE000017ES,Y,4,38,20,21
DELT,RE000017ES,Y,5,32,27,26
DELT,RE000017ES,Y,6,49,29,32
DELT,RE000017ES,Y,7,29,32,30
DELT,RE000017ES,Y,8,37,30,26
DELT,RE000017ES,Y,9,43,30,28
DELT,RE000017ES,Y,10,30,18,18
DELT,RE000017ES,Y,11,14,11,11
DELT,RE000017ES,Y,12,18,12,12
BORA,RE000018NL,Y,1,146,156,126
BORA,RE000018NL,Y,2,142,202,145
BORA,RE000018NL,Y,3,201,174,162
BORA,RE000018NL,Y,4,161,153,169
BORA,RE000018NL,Y,5,158,243,154
BORA,RE000018NL,Y,6,112,254,113
BORA,RE000018NL,Y,7,137,135,107
BORA,RE000018NL,Y,8,91,123,79
BORA,RE000018NL,Y,9,80,95,72
BORA,RE000018NL,Y,10,102,145,80
BORA,RE000018NL,Y,11,108,121,102
BORA,RE000018NL,Y,12,110,190,119
CIRA,RE000019FR,Y,1,15,11,11
CIRA,RE000019FR,Y,2,8,6,7
CIRA,RE000019FR,Y,3,14,11,10
CIRA,RE000019FR,Y,4,18,11,11
CIRA,RE000019FR,Y,5,18,12,13
CIRA,RE000019FR,Y,6,15,9,9
CIRA,RE000019FR,Y,7,14,14,15
CIRA,RE000019FR,Y,8,7,5,5
CIRA,RE000019FR,Y,9,12,8,9
CIRA,RE000019FR,Y,10,8,4,5
CIRA,RE000019FR,Y,11,3,2,2
CIRA,RE000019FR,Y,12,7,4,5
EVON,RE000020DE,N,1,14,10,12
EVON,RE000020DE,N,2,7,10,9
EVON,RE000020DE,N,3,10,10,10
EVON,RE000020DE,N,4,11,10,11
EVON,RE000020DE,N,5,10,9,10
EVON,RE000020DE,N,6,11,11,13
EVON,RE000020DE,N,7,7,6,7
EVON,RE000020DE,N,8,11,10,11
EVON,RE000020DE,N,9,6,6,7
EVON,RE000020DE,N,10,5,5,6
EVON,RE000020DE,N,11,14,12,13
EVON,RE000020DE,N,12,7,5,6
BORA,RE000021FR,Y,1,32,28,33
BORA,RE000021FR,Y,2,29,39,30
BORA,RE000021FR,Y,3,26,36,25
BORA,RE000021FR,Y,4,15,21,19
BORA,RE000021FR,Y,5,7,5,7
BORA,RE000021FR,Y,6,12,24,12
BORA,RE000021FR,Y,7,12,14,10
BORA,RE000021FR,Y,8,13,19,13
BORA,RE000021FR,Y,9,17,21,18
BORA,RE000021FR,Y,10,25,33,23
BORA,RE000021FR,Y,11,20,38,25
BORA,RE000021FR,Y,12,25,44,31
CIRA,RE000022NL,Y,1,30,41,28
CIRA,RE000022NL,Y,2,41,52,38
CIRA,RE000022NL,Y,3,45,61,46
CIRA,RE000022NL,Y,4,64,56,58
CIRA,RE000022NL,Y,5,53,92,56
CIRA,RE000022NL,Y,6,93,85,91
CIRA,RE000022NL,Y,7,73,50,62
CIRA,RE000022NL,Y,8,59,66,49
CIRA,RE000022NL,Y,9,47,51,38
CIRA,RE000022NL,Y,10,38,36,44
CIRA,RE000022NL,Y,11,28,50,31
CIRA,RE000022NL,Y,12,41,45,36
FYNE,RE000023ES,N,1,97,108,99
FYNE,RE000023ES,N,2,85,89,85
FYNE,RE000023ES,N,3,88,81,85
FYNE,RE000023ES,N,4,105,113,107
FYNE,RE000023ES,N,5,125,140,128
FYNE,RE000023ES,N,6,180,171,158
FYNE,RE000023ES,N,7,181,207,191
FYNE,RE000023ES,N,8,145,130,165
FYNE,RE000023ES,N,9,136,143,138
FYNE,RE000023ES,N,10,117,102,108
FYNE,RE000023ES,N,11,81,92,97
FYNE,RE000023ES,N,12,76,86,81
DELT,RE000024PL,N,1,175,232,211
DELT,RE000024PL,N,2,297,239,269
DELT,RE000024PL,N,3,310,327,317
DELT,RE000024PL,N,4,374,337,374
DELT,RE000024PL,N,5,394,391,401
DELT,RE000024PL,N,6,315,420,408
DELT,RE000024PL,N,7,394,375,357
DELT,RE000024PL,N,8,297,378,325
DELT,RE000024PL,N,9,276,207,282
DELT,RE000024PL,N,10,222,220,229
DELT,RE000024PL,N,11,193,199,183
DELT,RE000024PL,N,12,204,208,223
CIRA,RE000025GB,N,1,9,11,10
CIRA,RE000025GB,N,2,10,10,11
CIRA,RE000025GB,N,3,8,5,7
CIRA,RE000025GB,N,4,8,9,10
CIRA,RE000025GB,N,5,17,13,14
CIRA,RE000025GB,N,6,9,6,8
CIRA,RE000025GB,N,7,6,4,7
CIRA,RE000025GB,N,8,6,4,7
CIRA,RE000025GB,N,9,5,3,4
CIRA,RE000025GB,N,10,4,5,5
CIRA,RE000025GB,N,11,9,12,11
CIRA,RE000025GB,N,12,6,6,8
BORA,RE000026FR,N,1,71,73,70
BORA,RE000026FR,N,2,59,54,57
BORA,RE000026FR,N,3,41,46,51
BORA,RE000026FR,N,4,36,33,31
BORA,RE000026FR,N,5,33,34,31
BORA,RE000026FR,N,6,33,32,33
BORA,RE000026FR,N,7,34,34,33
BORA,RE000026FR,N,8,46,30,43
BORA,RE000026FR,N,9,65,68,70
BORA,RE000026FR,N,10,53,52,57
BORA,RE000026FR,N,11,81,103,79
BORA,RE000026FR,N,12,63,62,69
EVON,RE000027IT,Y,1,1283,1277,1138
EVON,RE000027IT,Y,2,1058,1164,1002
EVON,RE000027IT,Y,3,685,1000,851
EVON,RE000027IT,Y,4,820,934,682
EVON,RE000027IT,Y,5,831,684,598
EVON,RE000027IT,Y,6,766,618,627
EVON,RE000027IT,Y,7,771,592,728
EVON,RE000027IT,Y,8,1141,659,863
EVON,RE000027IT,Y,9,1346,900,1062
EVON,RE000027IT,Y,10,1232,1053,1108
EVON,RE000027IT,Y,11,1386,1152,1212
EVON,RE000027IT,Y,12,1528,1282,1153
ACME,RE000028PL,N,1,8,7,8
ACME,RE000028PL,N,2,5,4,5
ACME,RE000028PL,N,3,5,6,7
ACME,RE000028PL,N,4,6,6,7
ACME,RE000028PL,N,5,7,10,10
ACME,RE000028PL,N,6,6,7,5
ACME,RE000028PL,N,7,13,12,15
ACME,RE000028PL,N,8,9,12,13
ACME,RE000028PL,N,9,8,6,8
ACME,RE000028PL,N,10,7,9,9
ACME,RE000028PL,N,11,4,4,5
ACME,RE000028PL,N,12,0,0,1
ACME,RE000029DE,Y,1,107,58,65
ACME,RE000029DE,Y,2,81,60,58
ACME,RE000029DE,Y,3,45,35,33
ACME,RE000029DE,Y,4,35,24,26
ACME,RE000029DE,Y,5,36,27,26
ACME,RE000029DE,Y,6,73,53,46
ACME,RE000029DE,Y,7,83,46,47
ACME,RE000029DE,Y,8,71,57,54
ACME,RE000029DE,Y,9,81,57,60
ACME,RE000029DE,Y,10,114,71,72
ACME,RE000029DE,Y,11,68,62,62
ACME,RE000029DE,Y,12,83,63,60
ACME,RE000030NL,Y,1,7,4,5
ACME,RE000030NL,Y,2,12,7,8
ACME,RE000030NL,Y,3,5,5,6
ACME,RE000030NL,Y,4,14,9,11
ACME,RE000030NL,Y,5,22,12,14
ACME,RE000030NL,Y,6,15,13,12
ACME,RE000030NL,Y,7,8,6,8
ACME,RE000030NL,Y,8,9,8,8
ACME,RE000030NL,Y,9,14,9,9
ACME,RE000030NL,Y,10,11,8,8
ACME,RE000030NL,Y,11,13,8,8
ACME,RE000030NL,Y,12,5,2,3
FYNE,RE000031FR,N,1,47,38,44
FYNE,RE000031FR,N,2,27,24,28
FYNE,RE000031FR,N,3,31,37,37
FYNE,RE000031FR,N,4,26,29,28
FYNE,RE000031FR,N,5,47,42,43
FYNE,RE000031FR,N,6,45,55,51
FYNE,RE000031FR,N,7,71,70,61
FYNE,RE000031FR,N,8,53,56,53
FYNE,RE000031FR,N,9,44,50,49
FYNE,RE000031FR,N,10,50,55,52
FYNE,RE000031FR,N,11,76,61,66
FYNE,RE000031FR,N,12,36,43,40
EVON,RE000032NL,Y,1,176,139,151
EVON,RE000032NL,Y,2,94,123,101
EVON,RE000032NL,Y,3,110,102,99
EVON,RE000032NL,Y,4,96,94,89
EVON,RE000032NL,Y,5,91,63,74
EVON,RE000032NL,Y,6,86,70,81
EVON,RE000032NL,Y,7,134,92,118
EVON,RE000032NL,Y,8,146,120,144
EVON,RE000032NL,Y,9,208,147,158
EVON,RE000032NL,Y,10,180,146,173
EVON,RE000032NL,Y,11,150,151,159
EVON,RE000032NL,Y,12,153,158,142
CIRA,RE000033DE,Y,1,166,114,136
CIRA,RE000033DE,Y,2,164,134,156
CIRA,RE000033DE,Y,3,155,161,151
CIRA,RE000033DE,Y,4,198,122,154
CIRA,RE000033DE,Y,5,216,158,172
CIRA,RE000033DE,Y,6,127,165,130
CIRA,RE000033DE,Y,7,125,119,112
CIRA,RE000033DE,Y,8,80,101,78
CIRA,RE000033DE,Y,9,85,85,74
CIRA,RE000033DE,Y,10,75,57,77
CIRA,RE000033DE,Y,11,126,82,94
CIRA,RE000033DE,Y,12,122,97,118
ACME,RE000034IT,N,1,14,15,14
ACME,RE000034IT,N,2,13,13,13
ACME,RE000034IT,N,3,19,17,17
ACME,RE000034IT,N,4,15,17,15
ACME,RE000034IT,N,5,27,27,26
ACME,RE000034IT,N,6,16,19,19
ACME,RE000034IT,N,7,22,23,23
ACME,RE000034IT,N,8,20,26,22
ACME,RE000034IT,N,9,21,23,23
ACME,RE000034IT,N,10,23,28,27
ACME,RE000034IT,N,11,18,16,18
ACME,RE000034IT,N,12,11,11,12
FYNE,RE000035FR,N,1,329,207,233
FYNE,RE000035FR,N,2,325,305,289
FYNE,RE000035FR,N,3,503,417,422
FYNE,RE000035FR,N,4,471,335,382
FYNE,RE000035FR,N,5,502,342,409
FYNE,RE000035FR,N,6,357,390,398
FYNE,RE000035FR,N,7,363,307,324
FYNE,RE000035FR,N,8,257,308,285
FYNE,RE000035FR,N,9,256,263,230
FYNE,RE000035FR,N,10,186,197,181
FYNE,RE000035FR,N,11,196,213,175
FYNE,RE000035FR,N,12,208,261,220
FYNE,RE000036FR,N,1,10,9,10
FYNE,RE000036FR,N,2,13,14,14
FYNE,RE000036FR,N,3,22,21,21
FYNE,RE000036FR,N,4,25,22,24
FYNE,RE000036FR,N,5,15,20,20
FYNE,RE000036FR,N,6,21,20,22
FYNE,RE000036FR,N,7,9,9,10
FYNE,RE000036FR,N,8,28,28,28
FYNE,RE000036FR,N,9,20,25,23
FYNE,RE000036FR,N,10,8,8,9
FYNE,RE000036FR,N,11,17,15,15
FYNE,RE000036FR,N,12,12,12,12
ACME,RE000037GB,N,1,27,26,25
ACME,RE000037GB,N,2,20,21,20
ACME,RE000037GB,N,3,25,25,24
ACME,RE000037GB,N,4,33,29,30
ACME,RE000037GB,N,5,28,23,27
ACME,RE000037GB,N,6,27,24,24
ACME,RE000037GB,N,7,18,13,16
ACME,RE000037GB,N,8,18,15,17
ACME,RE000037GB,N,9,16,13,14
ACME,RE000037GB,N,10,11,13,12
ACME,RE000037GB,N,11,13,13,14
ACME,RE000037GB,N,12,28,29,28
ACME,RE000038IT,Y,1,495,356,340
ACME,RE000038IT,Y,2,301,245,213
ACME,RE000038IT,Y,3,269,168,182
ACME,RE000038IT,Y,4,293,223,201
ACME,RE000038IT,Y,5,370,183,231
ACME,RE000038IT,Y,6,477,287,301
ACME,RE000038IT,Y,7,405,347,328
ACME,RE000038IT,Y,8,614,352,359
ACME,RE000038IT,Y,9,563,384,385
ACME,RE000038IT,Y,10,538,390,378
ACME,RE000038IT,Y,11,412,335,338
ACME,RE000038IT,Y,12,401,283,287
BORA,RE000039BE,N,1,53,56,53
BORA,RE000039BE,N,2,27,30,29
BORA,RE000039BE,N,3,28,35,32
BORA,RE000039BE,N,4,36,35,32
BORA,RE000039BE,N,5,30,24,31
BORA,RE000039BE,N,6,47,47,49
BORA,RE000039BE,N,7,49,48,50
BORA,RE000039BE,N,8,51,56,54
BORA,RE000039BE,N,9,67,66,66
BORA,RE000039BE,N,10,59,61,61
BORA,RE000039BE,N,11,52,47,50
BORA,RE000039BE,N,12,29,36,35
BORA,RE000040NL,N,1,14,17,14
BORA,RE000040NL,N,2,12,9,11
BORA,RE000040NL,N,3,10,8,10
BORA,RE000040NL,N,4,5,5,6
BORA,RE000040NL,N,5,6,5,7
BORA,RE000040NL,N,6,5,5,6
BORA,RE000040NL,N,7,7,5,6
BORA,RE000040NL,N,8,6,9,8
BORA,RE000040NL,N,9,9,8,10
BORA,RE000040NL,N,10,8,10,9
BORA,RE000040NL,N,11,17,11,16
BORA,RE000040NL,N,12,14,12,14
DELT,RE000041DE,Y,1,87,56,51
DELT,RE000041DE,Y,2,57,36,36
DELT,RE000041DE,Y,3,88,50,48
DELT,RE000041DE,Y,4,52,28,30
DELT,RE000041DE,Y,5,57,42,40
DELT,RE000041DE,Y,6,63,40,44
DELT,RE000041DE,Y,7,66,47,48
DELT,RE000041DE,Y,8,96,54,52
DELT,RE000041DE,Y,9,93,77,70
DELT,RE000041DE,Y,10,103,69,68
DELT,RE000041DE,Y,11,97,76,73
DELT,RE000041DE,Y,12,81,55,50
CIRA,RE000042FR,Y,1,323,226,262
CIRA,RE000042FR,Y,2,239,223,213
CIRA,RE000042FR,Y,3,191,179,201
CIRA,RE000042FR,Y,4,192,191,185
CIRA,RE000042FR,Y,5,298,165,254
CIRA,RE000042FR,Y,6,268,261,318
CIRA,RE000042FR,Y,7,407,319,330
CIRA,RE000042FR,Y,8,394,323,410
CIRA,RE000042FR,Y,9,400,397,406
CIRA,RE000042FR,Y,10,495,455,380
CIRA,RE000042FR,Y,11,393,400,322
CIRA,RE000042FR,Y,12,240,311,246
FYNE,RE000043FR,N,1,6,6,6
FYNE,RE000043FR,N,2,4,6,6
FYNE,RE000043FR,N,3,8,9,9
FYNE,RE000043FR,N,4,2,3,3
FYNE,RE000043FR,N,5,22,16,19
FYNE,RE000043FR,N,6,11,8,11
FYNE,RE000043FR,N,7,3,2,3
FYNE,RE000043FR,N,8,5,4,5
FYNE,RE000043FR,N,9,4,5,5
FYNE,RE000043FR,N,10,7,9,8
FYNE,RE000043FR,N,11,10,11,10
FYNE,RE000043FR,N,12,14,14,13
ACME,RE000044IT,Y,1,185,163,143
ACME,RE000044IT,Y,2,177,125,114
ACME,RE000044IT,Y,3,92,94,84
ACME,RE000044IT,Y,4,108,74,83
ACME,RE000044IT,Y,5,124,67,74
ACME,RE000044IT,Y,6,174,106,96
ACME,RE000044IT,Y,7,147,110,103
ACME,RE000044IT,Y,8,200,145,132
ACME,RE000044IT,Y,9,241,162,155
ACME,RE000044IT,Y,10,177,177,149
ACME,RE000044IT,Y,11,259,175,158
ACME,RE000044IT,Y,12,214,145,130
DELT,RE000045DE,N,1,29,30,34
DELT,RE000045DE,N,2,44,36,36
DELT,RE000045DE,N,3,37,43,41
DELT,RE000045DE,N,4,40,41,39
DELT,RE000045DE,N,5,53,39,53
DELT,RE000045DE,N,6,69,76,66
DELT,RE000045DE,N,7,72,62,77
DELT,RE000045DE,N,8,62,67,63
DELT,RE000045DE,N,9,59,46,60
DELT,RE000045DE,N,10,47,45,45
DELT,RE000045DE,N,11,35,28,31
DELT,RE000045DE,N,12,29,32,33
FYNE,RE000046PL,N,1,1210,1134,1099
FYNE,RE000046PL,N,2,996,1183,1146
FYNE,RE000046PL,N,3,1239,1111,1168
FYNE,RE000046PL,N,4,1088,1075,1052
FYNE,RE000046PL,N,5,957,1170,978
FYNE,RE000046PL,N,6,670,770,756
FYNE,RE000046PL,N,7,681,722,650
FYNE,RE000046PL,N,8,625,563,594
FYNE,RE000046PL,N,9,689,593,678
FYNE,RE000046PL,N,10,664,799,771
FYNE,RE000046PL,N,11,988,1109,969
FYNE,RE000046PL,N,12,1018,1031,1107
CIRA,RE000047PL,Y,1,703,973,629
CIRA,RE000047PL,Y,2,594,685,586
CIRA,RE000047PL,Y,3,643,907,681
CIRA,RE000047PL,Y,4,818,1039,788
CIRA,RE000047PL,Y,5,964,566,924
CIRA,RE000047PL,Y,6,1124,1340,1142
CIRA,RE000047PL,Y,7,1377,1676,1246
CIRA,RE000047PL,Y,8,1443,1531,1261
CIRA,RE000047PL,Y,9,1254,1245,1060
CIRA,RE000047PL,Y,10,1115,1369,894
CIRA,RE000047PL,Y,11,822,840,747
CIRA,RE000047PL,Y,12,550,951,609
BORA,RE000048DE,Y,1,34,27,24
BORA,RE000048DE,Y,2,36,27,27
BORA,RE000048DE,Y,3,38,25,25
BORA,RE000048DE,Y,4,30,25,22
BORA,RE000048DE,Y,5,31,17,19
BORA,RE000048DE,Y,6,21,11,14
BORA,RE000048DE,Y,7,24,14,14
BORA,RE000048DE,Y,8,26,23,20
BORA,RE000048DE,Y,9,34,16,20
BORA,RE000048DE,Y,10,52,35,34
BORA,RE000048DE,Y,11,38,25,24
BORA,RE000048DE,Y,12,32,18,19
BORA,RE000049ES,N,1,253,313,271
BORA,RE000049ES,N,2,268,229,205
BORA,RE000049ES,N,3,163,155,182
BORA,RE000049ES,N,4,206,207,237
BORA,RE000049ES,N,5,320,281,268
BORA,RE000049ES,N,6,401,419,342
BORA,RE000049ES,N,7,428,421,392
BORA,RE000049ES,N,8,609,401,418
BORA,RE000049ES,N,9,304,265,384
BORA,RE000049ES,N,10,387,376,344
BORA,RE000049ES,N,11,220,335,280
BORA,RE000049ES,N,12,230,263,217
DELT,RE000050DE,Y,1,37,31,28
DELT,RE000050DE,Y,2,30,23,24
DELT,RE000050DE,Y,3,22,19,17
DELT,RE000050DE,Y,4,19,13,14
DELT,RE000050DE,Y,5,19,10,11
DELT,RE000050DE,Y,6,23,15,15
DELT,RE000050DE,Y,7,19,13,13
DELT,RE000050DE,Y,8,17,13,13
DELT,RE000050DE,Y,9,32,24,25
DELT,RE000050DE,Y,10,35,22,26
DELT,RE000050DE,Y,11,24,16,19
DELT,RE000050DE,Y,12,31,31,32
ACME,RE000051BE,N,1,7,5,7
ACME,RE000051BE,N,2,7,6,7
ACME,RE000051BE,N,3,12,9,11
ACME,RE000051BE,N,4,8,7,7
ACME,RE000051BE,N,5,6,7,7
ACME,RE000051BE,N,6,8,9,9
ACME,RE000051BE,N,7,16,12,13
ACME,RE000051BE,N,8,5,6,7
ACME,RE000051BE,N,9,7,6,7
ACME,RE000051BE,N,10,2,2,2
ACME,RE000051BE,N,11,4,3,4
ACME,RE000051BE,N,12,3,3,4
EVON,RE000052NL,N,1,38,46,44
EVON,RE000052NL,N,2,31,28,30
EVON,RE000052NL,N,3,25,26,25
EVON,RE000052NL,N,4,39,40,39
EVON,RE000052NL,N,5,38,34,35
EVON,RE000052NL,N,6,59,54,51
EVON,RE000052NL,N,7,63,69,68
EVON,RE000052NL,N,8,57,67,54
EVON,RE000052NL,N,9,82,67,70
EVON,RE000052NL,N,10,54,52,61
EVON,RE000052NL,N,11,46,40,40
EVON,RE000052NL,N,12,42,40,37
CIRA,RE000053NL,Y,1,2,3,3
CIRA,RE000053NL,Y,2,7,11,7
CIRA,RE000053NL,Y,3,4,6,5
CIRA,RE000053NL,Y,4,13,15,11
CIRA,RE000053NL,Y,5,10,16,9
CIRA,RE000053NL,Y,6,10,16,10
CIRA,RE000053NL,Y,7,7,7,7
CIRA,RE000053NL,Y,8,7,15,8
CIRA,RE000053NL,Y,9,10,14,9
CIRA,RE000053NL,Y,10,3,3,3
CIRA,RE000053NL,Y,11,3,5,4
CIRA,RE000053NL,Y,12,6,4,6
BORA,RE000054ES,Y,1,9,4,7
BORA,RE000054ES,Y,2,6,6,7
BORA,RE000054ES,Y,3,11,7,10
BORA,RE000054ES,Y,4,5,9,5
BORA,RE000054ES,Y,5,9,5,9
BORA,RE000054ES,Y,6,12,9,12
BORA,RE000054ES,Y,7,9,12,10
BORA,RE000054ES,Y,8,11,11,9
BORA,RE000054ES,Y,9,7,10,7
BORA,RE000054ES,Y,10,7,6,6
BORA,RE000054ES,Y,11,7,5,6
BORA,RE000054ES,Y,12,5,5,5
CIRA,RE000055NL,N,1,24,20,24
CIRA,RE000055NL,N,2,19,22,21
CIRA,RE000055NL,N,3,27,35,28
CIRA,RE000055NL,N,4,17,17,21
CIRA,RE000055NL,N,5,20,21,25
CIRA,RE000055NL,N,6,21,17,20
CIRA,RE000055NL,N,7,15,13,15
CIRA,RE000055NL,N,8,10,12,10
CIRA,RE000055NL,N,9,11,12,11
CIRA,RE000055NL,N,10,9,10,9
CIRA,RE000055NL,N,11,25,26,27
CIRA,RE000055NL,N,12,17,19,18
ACME,RE000056IT,N,1,14,14,13
ACME,RE000056IT,N,2,24,23,22
ACME,RE000056IT,N,3,14,14,15
ACME,RE000056IT,N,4,15,15,15
ACME,RE000056IT,N,5,9,8,10
ACME,RE000056IT,N,6,14,13,14
ACME,RE000056IT,N,7,17,16,17
ACME,RE000056IT,N,8,31,27,29
ACME,RE000056IT,N,9,37,40,37
ACME,RE000056IT,N,10,32,40,33
ACME,RE000056IT,N,11,19,15,19
ACME,RE000056IT,N,12,9,8,10
BORA,RE000057GB,Y,1,6,5,6
BORA,RE000057GB,Y,2,8,5,8
BORA,RE000057GB,Y,3,6,7,5
BORA,RE000057GB,Y,4,9,5,8
BORA,RE000057GB,Y,5,14,8,14
BORA,RE000057GB,Y,6,16,13,16
BORA,RE000057GB,Y,7,8,15,8
BORA,RE000057GB,Y,8,9,9,7
BORA,RE000057GB,Y,9,8,6,10
BORA,RE000057GB,Y,10,6,10,6
BORA,RE000057GB,Y,11,3,5,5
BORA,RE000057GB,Y,12,6,4,6
BORA,RE000058PL,N,1,13,15,12
BORA,RE000058PL,N,2,12,14,13
BORA,RE000058PL,N,3,5,5,5
BORA,RE000058PL,N,4,2,2,2
BORA,RE000058PL,N,5,2,2,3
BORA,RE000058PL,N,6,8,9,9
BORA,RE000058PL,N,7,8,10,10
BORA,RE000058PL,N,8,11,10,12
BORA,RE000058PL,N,9,4,5,5
BORA,RE000058PL,N,10,3,4,5
BORA,RE000058PL,N,11,14,16,14
BORA,RE000058PL,N,12,3,3,4
BORA,RE000059ES,Y,1,7,17,7
BORA,RE000059ES,Y,2,30,6,21
BORA,RE000059ES,Y,3,19,20,17
BORA,RE000059ES,Y,4,32,15,31
BORA,RE000059ES,Y,5,27,28,26
BORA,RE000059ES,Y,6,25,26,26
BORA,RE000059ES,Y,7,21,25,19
BORA,RE000059ES,Y,8,31,19,26
BORA,RE000059ES,Y,9,15,26,13
BORA,RE000059ES,Y,10,7,13,8
BORA,RE000059ES,Y,11,15,7,13
BORA,RE000059ES,Y,12,18,12,17
CIRA,RE000060PL,N,1,35,34,31
CIRA,RE000060PL,N,2,12,27,23
CIRA,RE000060PL,N,3,25,21,18
CIRA,RE000060PL,N,4,11,16,14
CIRA,RE000060PL,N,5,15,9,13
CIRA,RE000060PL,N,6,11,8,10
CIRA,RE000060PL,N,7,14,10,12
CIRA,RE000060PL,N,8,19,15,17
CIRA,RE000060PL,N,9,17,20,21
CIRA,RE000060PL,N,10,25,33,32
CIRA,RE000060PL,N,11,18,21,24
CIRA,RE000060PL,N,12,30,36,29
ACME,RE000061ES,N,1,5,4,5
ACME,RE000061ES,N,2,9,8,9
ACME,RE000061ES,N,3,7,6,7
ACME,RE000061ES,N,4,4,4,5
ACME,RE000061ES,N,5,6,9,7
ACME,RE000061ES,N,6,5,4,4
ACME,RE000061ES,N,7,12,8,10
ACME,RE000061ES,N,8,10,12,14
ACME,RE000061ES,N,9,9,8,8
ACME,RE000061ES,N,10,13,10,10
ACME,RE000061ES,N,11,12,14,13
ACME,RE000061ES,N,12,13,11,12
EVON,RE000062IT,Y,1,56,84,53
EVON,RE000062IT,Y,2,63,91,60
EVON,RE000062IT,Y,3,57,74,58
EVON,RE000062IT,Y,4,43,32,38
EVON,RE000062IT,Y,5,31,32,27
EVON,RE000062IT,Y,6,37,38,32
EVON,RE000062IT,Y,7,47,52,41
EVON,RE000062IT,Y,8,40,62,41
EVON,RE000062IT,Y,9,57,73,55
EVON,RE000062IT,Y,10,73,68,62
EVON,RE000062IT,Y,11,59,80,59
EVON,RE000062IT,Y,12,66,117,64
ACME,RE000063FR,Y,1,22,11,14
ACME,RE000063FR,Y,2,21,18,17
ACME,RE000063FR,Y,3,20,14,13
ACME,RE000063FR,Y,4,35,27,27
ACME,RE000063FR,Y,5,36,28,27
ACME,RE000063FR,Y,6,27,21,22
ACME,RE000063FR,Y,7,50,29,35
ACME,RE000063FR,Y,8,27,22,20
ACME,RE000063FR,Y,9,29,19,19
ACME,RE000063FR,Y,10,17,14,15
ACME,RE000063FR,Y,11,13,9,9
ACME,RE000063FR,Y,12,23,14,14
CIRA,RE000064NL,Y,1,5,11,6
CIRA,RE000064NL,Y,2,2,6,2
CIRA,RE000064NL,Y,3,5,2,6
CIRA,RE000064NL,Y,4,4,6,5
CIRA,RE000064NL,Y,5,6,4,7
CIRA,RE000064NL,Y,6,8,6,6
CIRA,RE000064NL,Y,7,9,5,12
CIRA,RE000064NL,Y,8,6,12,7
CIRA,RE000064NL,Y,9,16,6,17
CIRA,RE000064NL,Y,10,6,17,6
CIRA,RE000064NL,Y,11,7,7,6
CIRA,RE000064NL,Y,12,13,5,11
EVON,RE000065GB,Y,1,18,25,17
EVON,RE000065GB,Y,2,16,16,13
EVON,RE000065GB,Y,3,22,23,21
EVON,RE000065GB,Y,4,42,34,33
EVON,RE000065GB,Y,5,33,41,35
EVON,RE000065GB,Y,6,31,52,32
EVON,RE000065GB,Y,7,25,38,28
EVON,RE000065GB,Y,8,11,14,11
EVON,RE000065GB,Y,9,20,25,17
EVON,RE000065GB,Y,10,16,13,16
EVON,RE000065GB,Y,11,18,15,14
EVON,RE000065GB,Y,12,30,26,25
FYNE,RE000066DE,Y,1,66,49,58
FYNE,RE000066DE,Y,2,86,54,75
FYNE,RE000066DE,Y,3,51,85,67
FYNE,RE000066DE,Y,4,56,67,57
FYNE,RE000066DE,Y,5,49,64,46
FYNE,RE000066DE,Y,6,79,49,60
FYNE,RE000066DE,Y,7,39,56,37
FYNE,RE000066DE,Y,8,40,29,46
FYNE,RE000066DE,Y,9,33,37,34
FYNE,RE000066DE,Y,10,38,32,32
FYNE,RE000066DE,Y,11,56,27,48
FYNE,RE000066DE,Y,12,56,56,47
BORA,RE000067BE,N,1,15,15,14
BORA,RE000067BE,N,2,10,13,12
BORA,RE000067BE,N,3,15,11,12
BORA,RE000067BE,N,4,17,17,16
BORA,RE000067BE,N,5,5,7,7
BORA,RE000067BE,N,6,3,4,4
BORA,RE000067BE,N,7,4,7,5
BORA,RE000067BE,N,8,5,4,6
BORA,RE000067BE,N,9,6,5,6
BORA,RE000067BE,N,10,3,5,5
BORA,RE000067BE,N,11,4,5,6
BORA,RE000067BE,N,12,12,14,11
EVON,RE000068IT,N,1,13,8,14
EVON,RE000068IT,N,2,14,16,15
EVON,RE000068IT,N,3,20,24,21
EVON,RE000068IT,N,4,26,20,22
EVON,RE000068IT,N,5,27,23,27
EVON,RE000068IT,N,6,33,40,36
EVON,RE000068IT,N,7,27,32,28
EVON,RE000068IT,N,8,28,26,27
EVON,RE000068IT,N,9,31,30,29
EVON,RE000068IT,N,10,16,12,17
EVON,RE000068IT,N,11,20,22,23
EVON,RE000068IT,N,12,11,12,13
FYNE,RE000069IT,Y,1,15,10,11
FYNE,RE000069IT,Y,2,17,13,13
FYNE,RE000069IT,Y,3,9,4,5
FYNE,RE000069IT,Y,4,9,6,6
FYNE,RE000069IT,Y,5,11,6,7
FYNE,RE000069IT,Y,6,7,3,4
FYNE,RE000069IT,Y,7,8,9,8
FYNE,RE000069IT,Y,8,9,5,6
FYNE,RE000069IT,Y,9,10,6,8
FYNE,RE000069IT,Y,10,18,13,13
FYNE,RE000069IT,Y,11,11,9,8
FYNE,RE000069IT,Y,12,16,11,13
DELT,RE000070BE,N,1,22,22,22
DELT,RE000070BE,N,2,22,24,23
DELT,RE000070BE,N,3,27,16,25
DELT,RE000070BE,N,4,18,19,20
DELT,RE000070BE,N,5,18,22,22
DELT,RE000070BE,N,6,9,21,14
DELT,RE000070BE,N,7,17,12,14
DELT,RE000070BE,N,8,11,17,18
DELT,RE000070BE,N,9,22,18,21
DELT,RE000070BE,N,10,6,8,9
DELT,RE000070BE,N,11,28,29,25
DELT,RE000070BE,N,12,20,16,30
BORA,RE000071IT,N,1,19,20,18
BORA,RE000071IT,N,2,16,12,14
BORA,RE000071IT,N,3,21,17,21
BORA,RE000071IT,N,4,17,20,19
BORA,RE000071IT,N,5,34,41,35
BORA,RE000071IT,N,6,39,43,43
BORA,RE000071IT,N,7,23,23,23
BORA,RE000071IT,N,8,24,12,20
BORA,RE000071IT,N,9,21,23,21
BORA,RE000071IT,N,10,20,21,21
BORA,RE000071IT,N,11,13,12,13
BORA,RE000071IT,N,12,7,8,9
CIRA,RE000072BE,N,1,62,60,66
CIRA,RE000072BE,N,2,59,71,63
CIRA,RE000072BE,N,3,51,54,53
CIRA,RE000072BE,N,4,65,68,65
CIRA,RE000072BE,N,5,39,39,39
CIRA,RE000072BE,N,6,38,30,35
CIRA,RE000072BE,N,7,33,39,33
CIRA,RE000072BE,N,8,25,31,31
CIRA,RE000072BE,N,9,58,52,52
CIRA,RE000072BE,N,10,66,66,70
CIRA,RE000072BE,N,11,72,77,79
CIRA,RE000072BE,N,12,56,58,68
CIRA,RE000073IT,Y,1,17,40,22
CIRA,RE000073IT,Y,2,23,43,23
CIRA,RE000073IT,Y,3,28,36,27
CIRA,RE000073IT,Y,4,15,19,17
CIRA,RE000073IT,Y,5,19,36,24
CIRA,RE000073IT,Y,6,13,20,12
CIRA,RE000073IT,Y,7,12,15,13
CIRA,RE000073IT,Y,8,20,27,19
CIRA,RE000073IT,Y,9,16,15,17
CIRA,RE000073IT,Y,10,14,19,17
CIRA,RE000073IT,Y,11,22,24,20
CIRA,RE000073IT,Y,12,24,28,20
CIRA,RE000074DE,N,1,17,17,17
CIRA,RE000074DE,N,2,30,34,35
CIRA,RE000074DE,N,3,21,20,19
CIRA,RE000074DE,N,4,25,28,24
CIRA,RE000074DE,N,5,22,19,23
CIRA,RE000074DE,N,6,17,17,17
CIRA,RE000074DE,N,7,16,19,19
CIRA,RE000074DE,N,8,9,8,8
CIRA,RE000074DE,N,9,11,11,11
CIRA,RE000074DE,N,10,13,14,14
CIRA,RE000074DE,N,11,21,23,21
CIRA,RE000074DE,N,12,34,26,33
EVON,RE000075NL,Y,1,19,28,20
EVON,RE000075NL,Y,2,17,27,19
EVON,RE000075NL,Y,3,25,35,23
EVON,RE000075NL,Y,4,37,43,35
EVON,RE000075NL,Y,5,23,50,24
EVON,RE000075NL,Y,6,24,30,23
EVON,RE000075NL,Y,7,25,17,22
EVON,RE000075NL,Y,8,5,11,6
EVON,RE000075NL,Y,9,10,13,11
EVON,RE000075NL,Y,10,15,25,13
EVON,RE000075NL,Y,11,10,14,13
EVON,RE000075NL,Y,12,30,28,28
ACME,RE000076DE,Y,1,8,5,6
ACME,RE000076DE,Y,2,18,12,12
ACME,RE000076DE,Y,3,1,1,1
ACME,RE000076DE,Y,4,2,2,2
ACME,RE000076DE,Y,5,9,6,6
ACME,RE000076DE,Y,6,8,7,7
ACME,RE000076DE,Y,7,12,8,8
ACME,RE000076DE,Y,8,12,8,9
ACME,RE000076DE,Y,9,18,11,11
ACME,RE000076DE,Y,10,12,7,8
ACME,RE000076DE,Y,11,13,9,10
ACME,RE000076DE,Y,12,32,19,20
CIRA,RE000077GB,Y,1,19,12,13
CIRA,RE000077GB,Y,2,14,9,10
CIRA,RE000077GB,Y,3,19,10,11
CIRA,RE000077GB,Y,4,10,7,9
CIRA,RE000077GB,Y,5,15,11,11
CIRA,RE000077GB,Y,6,7,4,5
CIRA,RE000077GB,Y,7,5,5,5
CIRA,RE000077GB,Y,8,9,7,6
CIRA,RE000077GB,Y,9,9,5,5
CIRA,RE000077GB,Y,10,9,9,8
CIRA,RE000077GB,Y,11,10,6,7
CIRA,RE000077GB,Y,12,14,12,13
CIRA,RE000078FR,N,1,10,7,10
CIRA,RE000078FR,N,2,11,12,13
CIRA,RE000078FR,N,3,5,5,6
CIRA,RE000078FR,N,4,4,3,5
CIRA,RE000078FR,N,5,5,5,6
CIRA,RE000078FR,N,6,7,5,6
CIRA,RE000078FR,N,7,7,7,7
CIRA,RE000078FR,N,8,3,4,4
CIRA,RE000078FR,N,9,5,5,5
CIRA,RE000078FR,N,10,6,8,7
CIRA,RE000078FR,N,11,12,11,12
CIRA,RE000078FR,N,12,7,9,9
DELT,RE000079IT,N,1,995,1026,1039
DELT,RE000079IT,N,2,1009,1076,1119
DELT,RE000079IT,N,3,1216,1196,1207
DELT,RE000079IT,N,4,997,1189,1178
DELT,RE000079IT,N,5,1016,1012,1041
DELT,RE000079IT,N,6,791,729,772
DELT,RE000079IT,N,7,611,626,637
DELT,RE000079IT,N,8,559,591,602
DELT,RE000079IT,N,9,568,615,617
DELT,RE000079IT,N,10,677,800,739
DELT,RE000079IT,N,11,985,983,892
DELT,RE000079IT,N,12,980,1281,1059
FYNE,RE000080BE,N,1,126,104,143
FYNE,RE000080BE,N,2,128,152,150
FYNE,RE000080BE,N,3,132,133,152
FYNE,RE000080BE,N,4,133,165,144
FYNE,RE000080BE,N,5,134,108,133
FYNE,RE000080BE,N,6,86,87,82
FYNE,RE000080BE,N,7,62,77,62
FYNE,RE000080BE,N,8,93,107,110
FYNE,RE000080BE,N,9,86,80,88
FYNE,RE000080BE,N,10,107,118,106
FYNE,RE000080BE,N,11,123,115,129
FYNE,RE000080BE,N,12,137,208,150
BORA,RE000081IT,N,1,16,14,15
BORA,RE000081IT,N,2,25,23,20
BORA,RE000081IT,N,3,11,8,11
BORA,RE000081IT,N,4,7,11,10
BORA,RE000081IT,N,5,10,16,12
BORA,RE000081IT,N,6,10,10,13
BORA,RE000081IT,N,7,23,23,21
BORA,RE000081IT,N,8,28,29,27
BORA,RE000081IT,N,9,33,30,30
BORA,RE000081IT,N,10,19,23,22
BORA,RE000081IT,N,11,37,31,31
BORA,RE000081IT,N,12,18,18,24
DELT,RE000082IT,N,1,9,7,8
DELT,RE000082IT,N,2,10,9,10
DELT,RE000082IT,N,3,5,6,6
DELT,RE000082IT,N,4,10,11,10
DELT,RE000082IT,N,5,10,11,10
DELT,RE000082IT,N,6,5,5,6
DELT,RE000082IT,N,7,3,3,4
DELT,RE000082IT,N,8,5,5,5
DELT,RE000082IT,N,9,5,5,6
DELT,RE000082IT,N,10,7,9,7
DELT,RE000082IT,N,11,5,4,5
DELT,RE000082IT,N,12,9,10,9
FYNE,RE000083IT,Y,1,4,3,3
FYNE,RE000083IT,Y,2,12,9,9
FYNE,RE000083IT,Y,3,6,4,4
FYNE,RE000083IT,Y,4,6,3,4
FYNE,RE000083IT,Y,5,6,3,5
FYNE,RE000083IT,Y,6,5,5,5
FYNE,RE000083IT,Y,7,21,13,14
FYNE,RE000083IT,Y,8,14,9,10
FYNE,RE000083IT,Y,9,13,10,10
FYNE,RE000083IT,Y,10,8,7,6
FYNE,RE000083IT,Y,11,13,10,10
FYNE,RE000083IT,Y,12,16,11,11
FYNE,RE000084ES,N,1,123,157,136
FYNE,RE000084ES,N,2,141,145,142
FYNE,RE000084ES,N,3,150,128,148
FYNE,RE000084ES,N,4,141,141,135
FYNE,RE000084ES,N,5,129,153,134
FYNE,RE000084ES,N,6,110,111,121
FYNE,RE000084ES,N,7,87,93,104
FYNE,RE000084ES,N,8,77,73,77
FYNE,RE000084ES,N,9,67,67,68
FYNE,RE000084ES,N,10,80,90,96
FYNE,RE000084ES,N,11,106,132,113
FYNE,RE000084ES,N,12,125,158,129
BORA,RE000085NL,N,1,8,6,8
BORA,RE000085NL,N,2,3,3,3
BORA,RE000085NL,N,3,7,9,8
BORA,RE000085NL,N,4,12,9,10
BORA,RE000085NL,N,5,9,8,9
BORA,RE000085NL,N,6,5,6,6
BORA,RE000085NL,N,7,5,7,6
BORA,RE000085NL,N,8,6,6,6
BORA,RE000085NL,N,9,12,13,13
BORA,RE000085NL,N,10,9,9,10
BORA,RE000085NL,N,11,16,18,17
BORA,RE000085NL,N,12,8,9,8
ACME,RE000086NL,Y,1,320,192,199
ACME,RE000086NL,Y,2,259,169,170
ACME,RE000086NL,Y,3,301,211,207
ACME,RE000086NL,Y,4,420,342,303
ACME,RE000086NL,Y,5,579,332,339
ACME,RE000086NL,Y,6,421,456,410
ACME,RE000086NL,Y,7,525,489,427
ACME,RE000086NL,Y,8,575,321,378
ACME,RE000086NL,Y,9,426,300,345
ACME,RE000086NL,Y,10,504,344,304
ACME,RE000086NL,Y,11,355,238,239
ACME,RE000086NL,Y,12,227,207,204
EVON,RE000087PL,N,1,22,19,18
EVON,RE000087PL,N,2,13,15,14
EVON,RE000087PL,N,3,10,10,10
EVON,RE000087PL,N,4,14,17,19
EVON,RE000087PL,N,5,24,33,25
EVON,RE000087PL,N,6,15,20,16
EVON,RE000087PL,N,7,39,35,37
EVON,RE000087PL,N,8,33,37,34
EVON,RE000087PL,N,9,24,26,25
EVON,RE000087PL,N,10,22,19,23
EVON,RE000087PL,N,11,11,12,13
EVON,RE000087PL,N,12,10,9,9
FYNE,RE000088FR,N,1,82,134,88
FYNE,RE000088FR,N,2,73,75,79
FYNE,RE000088FR,N,3,101,106,92
FYNE,RE000088FR,N,4,108,83,107
FYNE,RE000088FR,N,5,68,84,101
FYNE,RE000088FR,N,6,124,82,133
FYNE,RE000088FR,N,7,178,199,178
FYNE,RE000088FR,N,8,215,171,173
FYNE,RE000088FR,N,9,195,158,149
FYNE,RE000088FR,N,10,154,127,146
FYNE,RE000088FR,N,11,77,95,102
FYNE,RE000088FR,N,12,95,86,88
DELT,RE000089GB,Y,1,229,216,215
DELT,RE000089GB,Y,2,326,197,198
DELT,RE000089GB,Y,3,273,198,182
DELT,RE000089GB,Y,4,444,253,250
DELT,RE000089GB,Y,5,425,304,306
DELT,RE000089GB,Y,6,458,333,295
DELT,RE000089GB,Y,7,500,340,390
DELT,RE000089GB,Y,8,569,353,378
DELT,RE000089GB,Y,9,611,371,359
DELT,RE000089GB,Y,10,527,345,348
DELT,RE000089GB,Y,11,373,284,270
DELT,RE000089GB,Y,12,277,248,231
DELT,RE000090PL,Y,1,9,15,8
DELT,RE000090PL,Y,2,6,5,6
DELT,RE000090PL,Y,3,3,5,4
DELT,RE000090PL,Y,4,3,5,4
DELT,RE000090PL,Y,5,5,4,5
DELT,RE000090PL,Y,6,7,10,8
DELT,RE000090PL,Y,7,7,6,7
DELT,RE000090PL,Y,8,7,6,7
DELT,RE000090PL,Y,9,20,19,16
DELT,RE000090PL,Y,10,11,12,12
DELT,RE000090PL,Y,11,15,17,14
DELT,RE000090PL,Y,12,10,20,12
EVON,RE000091DE,N,1,66,71,73
EVON,RE000091DE,N,2,77,93,87
EVON,RE000091DE,N,3,111,83,100
EVON,RE000091DE,N,4,123,123,123
EVON,RE000091DE,N,5,132,130,139
EVON,RE000091DE,N,6,144,167,147
EVON,RE000091DE,N,7,148,207,162
EVON,RE000091DE,N,8,143,142,144
EVON,RE000091DE,N,9,119,130,124
EVON,RE000091DE,N,10,101,115,107
EVON,RE000091DE,N,11,79,86,86
EVON,RE000091DE,N,12,78,71,75
EVON,RE000092BE,N,1,18,16,19
EVON,RE000092BE,N,2,4,4,4
EVON,RE000092BE,N,3,10,9,10
EVON,RE000092BE,N,4,5,6,6
EVON,RE000092BE,N,5,4,4,4
EVON,RE000092BE,N,6,2,2,3
EVON,RE000092BE,N,7,5,5,5
EVON,RE000092BE,N,8,2,3,3
EVON,RE000092BE,N,9,8,7,8
EVON,RE000092BE,N,10,6,6,7
EVON,RE000092BE,N,11,15,21,19
EVON,RE000092BE,N,12,15,13,14
ACME,RE000093NL,Y,1,33,62,38
ACME,RE000093NL,Y,2,30,48,31
ACME,RE000093NL,Y,3,38,75,40
ACME,RE000093NL,Y,4,30,52,32
ACME,RE000093NL,Y,5,55,52,54
ACME,RE000093NL,Y,6,52,92,61
ACME,RE000093NL,Y,7,85,115,75
ACME,RE000093NL,Y,8,71,146,65
ACME,RE000093NL,Y,9,57,63,53
ACME,RE000093NL,Y,10,48,87,55
ACME,RE000093NL,Y,11,60,95,61
ACME,RE000093NL,Y,12,37,44,32
EVON,RE000094BE,Y,1,197,229,246
EVON,RE000094BE,Y,2,299,248,258
EVON,RE000094BE,Y,3,318,256,336
EVON,RE000094BE,Y,4,334,336,362
EVON,RE000094BE,Y,5,399,352,418
EVON,RE000094BE,Y,6,473,395,389
EVON,RE000094BE,Y,7,386,348,357
EVON,RE000094BE,Y,8,389,375,292
EVON,RE000094BE,Y,9,347,282,235
EVON,RE000094BE,Y,10,231,204,192
EVON,RE000094BE,Y,11,219,193,198
EVON,RE000094BE,Y,12,267,216,233
DELT,RE000095PL,Y,1,67,50,56
DELT,RE000095PL,Y,2,76,47,68
DELT,RE000095PL,Y,3,84,69,65
DELT,RE000095PL,Y,4,65,65,52
DELT,RE000095PL,Y,5,61,55,54
DELT,RE000095PL,Y,6,53,59,49
DELT,RE000095PL,Y,7,32,46,26
DELT,RE000095PL,Y,8,37,26,31
DELT,RE000095PL,Y,9,48,29,37
DELT,RE000095PL,Y,10,47,37,41
DELT,RE000095PL,Y,11,52,35,48
DELT,RE000095PL,Y,12,66,50,57
ACME,RE000096PL,N,1,3,2,3
ACME,RE000096PL,N,2,11,12,11
ACME,RE000096PL,N,3,6,6,6
ACME,RE000096PL,N,4,11,9,12
ACME,RE000096PL,N,5,5,4,5
ACME,RE000096PL,N,6,7,7,8
ACME,RE000096PL,N,7,4,5,5
ACME,RE000096PL,N,8,9,8,8
ACME,RE000096PL,N,9,13,14,14
ACME,RE000096PL,N,10,6,7,7
ACME,RE000096PL,N,11,13,13,14
ACME,RE000096PL,N,12,13,14,15
CIRA,RE000097NL,N,1,7,6,8
CIRA,RE000097NL,N,2,8,10,10
CIRA,RE000097NL,N,3,8,7,8
CIRA,RE000097NL,N,4,7,7,8
CIRA,RE000097NL,N,5,10,9,10
CIRA,RE000097NL,N,6,7,8,7
CIRA,RE000097NL,N,7,9,10,10
CIRA,RE000097NL,N,8,6,6,6
CIRA,RE000097NL,N,9,9,7,9
CIRA,RE000097NL,N,10,5,6,6
CIRA,RE000097NL,N,11,4,4,5
CIRA,RE000097NL,N,12,9,8,9
EVON,RE000098GB,Y,1,17,12,13
EVON,RE000098GB,Y,2,14,10,11
EVON,RE000098GB,Y,3,11,8,8
EVON,RE000098GB,Y,4,25,15,14
EVON,RE000098GB,Y,5,36,19,21
EVON,RE000098GB,Y,6,25,22,20
EVON,RE000098GB,Y,7,47,29,31
EVON,RE000098GB,Y,8,37,23,22
EVON,RE000098GB,Y,9,34,28,29
EVON,RE000098GB,Y,10,35,23,25
EVON,RE000098GB,Y,11,23,15,16
EVON,RE000098GB,Y,12,22,13,13
BORA,RE000099GB,Y,1,32,23,21
BORA,RE000099GB,Y,2,25,13,15
BORA,RE000099GB,Y,3,19,9,11
BORA,RE000099GB,Y,4,38,26,26
BORA,RE000099GB,Y,5,25,19,18
BORA,RE000099GB,Y,6,37,28,31
BORA,RE000099GB,Y,7,54,38,40
BORA,RE000099GB,Y,8,32,25,25
BORA,RE000099GB,Y,9,33,27,25
BORA,RE000099GB,Y,10,29,17,20
BORA,RE000099GB,Y,11,12,12,11
BORA,RE000099GB,Y,12,17,11,11
DELT,RE000100DE,N,1,11,12,13
DELT,RE000100DE,N,2,18,19,16
DELT,RE000100DE,N,3,24,21,21
DELT,RE000100DE,N,4,22,18,20
DELT,RE000100DE,N,5,25,26,24
DELT,RE000100DE,N,6,20,30,29
DELT,RE000100DE,N,7,31,13,22
DELT,RE000100DE,N,8,18,22,20
DELT,RE000100DE,N,9,9,6,8
DELT,RE000100DE,N,10,12,20,16
DELT,RE000100DE,N,11,13,15,18
DELT,RE000100DE,N,12,18,15,14
ACME,RE000101IT,Y,1,894,327,701
ACME,RE000101IT,Y,2,578,943,564
ACME,RE000101IT,Y,3,688,938,641
ACME,RE000101IT,Y,4,806,926,757
ACME,RE000101IT,Y,5,861,1229,845
ACME,RE000101IT,Y,6,1131,1555,1077
ACME,RE000101IT,Y,7,1289,1281,1207
ACME,RE000101IT,Y,8,1283,1904,1272
ACME,RE000101IT,Y,9,1264,1844,1069
ACME,RE000101IT,Y,10,1151,1055,1004
ACME,RE000101IT,Y,11,943,1515,805
ACME,RE000101IT,Y,12,928,858,669
CIRA,RE000102ES,Y,1,27,45,25
CIRA,RE000102ES,Y,2,15,18,13
CIRA,RE000102ES,Y,3,12,13,12
CIRA,RE000102ES,Y,4,15,16,14
CIRA,RE000102ES,Y,5,12,16,14
CIRA,RE000102ES,Y,6,14,19,17
CIRA,RE000102ES,Y,7,23,20,24
CIRA,RE000102ES,Y,8,18,17,18
CIRA,RE000102ES,Y,9,21,31,21
CIRA,RE000102ES,Y,10,39,48,37
CIRA,RE000102ES,Y,11,42,42,33
CIRA,RE000102ES,Y,12,27,33,24
BORA,RE000103FR,N,1,80,56,84
BORA,RE000103FR,N,2,71,53,78
BORA,RE000103FR,N,3,111,88,95
BORA,RE000103FR,N,4,127,141,127
BORA,RE000103FR,N,5,150,208,161
BORA,RE000103FR,N,6,154,237,179
BORA,RE000103FR,N,7,114,88,163
BORA,RE000103FR,N,8,143,187,140
BORA,RE000103FR,N,9,143,126,126
BORA,RE000103FR,N,10,114,116,106
BORA,RE000103FR,N,11,80,81,86
BORA,RE000103FR,N,12,65,70,76
DELT,RE000104IT,N,1,197,201,218
DELT,RE000104IT,N,2,157,157,172
DELT,RE000104IT,N,3,211,249,215
DELT,RE000104IT,N,4,311,181,247
DELT,RE000104IT,N,5,321,341,310
DELT,RE000104IT,N,6,376,477,411
DELT,RE000104IT,N,7,346,316,367
DELT,RE000104IT,N,8,390,386,365
DELT,RE000104IT,N,9,382,370,372
DELT,RE000104IT,N,10,312,287,282
DELT,RE000104IT,N,11,269,285,267
DELT,RE000104IT,N,12,227,171,228
DELT,RE000105NL,Y,1,13,19,16
DELT,RE000105NL,Y,2,22,32,21
DELT,RE000105NL,Y,3,28,38,27
DELT,RE000105NL,Y,4,27,34,27
DELT,RE000105NL,Y,5,30,33,26
DELT,RE000105NL,Y,6,23,41,22
DELT,RE000105NL,Y,7,24,26,21
DELT,RE000105NL,Y,8,13,11,12
DELT,RE000105NL,Y,9,15,16,15
DELT,RE000105NL,Y,10,10,18,11
DELT,RE000105NL,Y,11,31,44,25
DELT,RE000105NL,Y,12,17,22,21
EVON,RE000106NL,N,1,9,6,8
EVON,RE000106NL,N,2,8,10,10
EVON,RE000106NL,N,3,6,6,6
EVON,RE000106NL,N,4,10,11,11
EVON,RE000106NL,N,5,9,8,9
EVON,RE000106NL,N,6,15,17,17
EVON,RE000106NL,N,7,7,8,8
EVON,RE000106NL,N,8,11,13,12
EVON,RE000106NL,N,9,10,11,9
EVON,RE000106NL,N,10,5,6,6
EVON,RE000106NL,N,11,6,7,6
EVON,RE000106NL,N,12,4,4,4
BORA,RE000107IT,Y,1,159,163,136
BORA,RE000107IT,Y,2,162,155,148
BORA,RE000107IT,Y,3,261,187,172
BORA,RE000107IT,Y,4,186,167,163
BORA,RE000107IT,Y,5,174,165,142
BORA,RE000107IT,Y,6,162,138,119
BORA,RE000107IT,Y,7,110,84,76
BORA,RE000107IT,Y,8,133,79,79
BORA,RE000107IT,Y,9,81,62,80
BORA,RE000107IT,Y,10,132,100,91
BORA,RE000107IT,Y,11,156,129,141
BORA,RE000107IT,Y,12,220,121,148
FYNE,RE000108NL,N,1,4,6,5
FYNE,RE000108NL,N,2,7,7,7
FYNE,RE000108NL,N,3,11,9,10
FYNE,RE000108NL,N,4,7,7,8
FYNE,RE000108NL,N,5,7,13,11
FYNE,RE000108NL,N,6,12,14,14
FYNE,RE000108NL,N,7,6,6,7
FYNE,RE000108NL,N,8,18,19,19
FYNE,RE000108NL,N,9,7,6,7
FYNE,RE000108NL,N,10,9,8,10
FYNE,RE000108NL,N,11,7,8,8
FYNE,RE000108NL,N,12,4,3,4
EVON,RE000109BE,N,1,81,73,84
EVON,RE000109BE,N,2,90,98,87
EVON,RE000109BE,N,3,77,88,91
EVON,RE000109BE,N,4,154,152,134
EVON,RE000109BE,N,5,153,160,158
EVON,RE000109BE,N,6,150,141,148
EVON,RE000109BE,N,7,158,221,165
EVON,RE000109BE,N,8,124,161,159
EVON,RE000109BE,N,9,116,116,117
EVON,RE000109BE,N,10,88,116,106
EVON,RE000109BE,N,11,76,86,75
EVON,RE000109BE,N,12,86,94,82
FYNE,RE000110BE,Y,1,39,56,32
FYNE,RE000110BE,Y,2,37,35,33
FYNE,RE000110BE,Y,3,45,69,50
FYNE,RE000110BE,Y,4,49,75,41
FYNE,RE000110BE,Y,5,46,57,47
FYNE,RE000110BE,Y,6,65,104,63
FYNE,RE000110BE,Y,7,57,51,63
FYNE,RE000110BE,Y,8,81,105,71
FYNE,RE000110BE,Y,9,56,76,59
FYNE,RE000110BE,Y,10,83,69,63
FYNE,RE000110BE,Y,11,36,26,37
FYNE,RE000110BE,Y,12,19,22,18
CIRA,RE000111FR,N,1,57,56,64
CIRA,RE000111FR,N,2,70,79,71
CIRA,RE000111FR,N,3,57,49,57
CIRA,RE000111FR,N,4,50,32,37
CIRA,RE000111FR,N,5,43,43,41
CIRA,RE000111FR,N,6,41,48,36
CIRA,RE000111FR,N,7,34,24,29
CIRA,RE000111FR,N,8,38,38,39
CIRA,RE000111FR,N,9,62,65,57
CIRA,RE000111FR,N,10,50,37,59
CIRA,RE000111FR,N,11,52,76,72
CIRA,RE000111FR,N,12,71,59,65
DELT,RE000112NL,N,1,57,51,54
DELT,RE000112NL,N,2,65,60,66
DELT,RE000112NL,N,3,56,59,59
DELT,RE000112NL,N,4,67,64,66
DELT,RE000112NL,N,5,53,49,49
DELT,RE000112NL,N,6,37,38,39
DELT,RE000112NL,N,7,43,31,40
DELT,RE000112NL,N,8,21,24,24
DELT,RE000112NL,N,9,31,31,32
DELT,RE000112NL,N,10,41,45,44
DELT,RE000112NL,N,11,70,64,62
DELT,RE000112NL,N,12,59,67,67
FYNE,RE000113DE,N,1,31,23,26
FYNE,RE000113DE,N,2,22,23,26
FYNE,RE000113DE,N,3,19,19,21
FYNE,RE000113DE,N,4,21,22,24
FYNE,RE000113DE,N,5,11,14,12
FYNE,RE000113DE,N,6,10,10,11
FYNE,RE000113DE,N,7,7,6,8
FYNE,RE000113DE,N,8,21,26,23
FYNE,RE000113DE,N,9,17,19,19
FYNE,RE000113DE,N,10,23,27,24
FYNE,RE000113DE,N,11,28,25,24
FYNE,RE000113DE,N,12,18,25,23
DELT,RE000114BE,Y,1,9,13,9
DELT,RE000114BE,Y,2,9,12,9
DELT,RE000114BE,Y,3,11,16,11
DELT,RE000114BE,Y,4,6,6,6
DELT,RE000114BE,Y,5,5,11,6
DELT,RE000114BE,Y,6,9,8,8
DELT,RE000114BE,Y,7,8,5,6
DELT,RE000114BE,Y,8,8,16,9
DELT,RE000114BE,Y,9,8,10,9
DELT,RE000114BE,Y,10,10,10,9
DELT,RE000114BE,Y,11,14,33,17
DELT,RE000114BE,Y,12,11,9,10
BORA,RE000115BE,Y,1,61,89,60
BORA,RE000115BE,Y,2,67,90,63
BORA,RE000115BE,Y,3,50,40,50
BORA,RE000115BE,Y,4,64,105,60
BORA,RE000115BE,Y,5,56,59,51
BORA,RE000115BE,Y,6,35,69,41
BORA,RE000115BE,Y,7,35,50,36
BORA,RE000115BE,Y,8,22,32,28
BORA,RE000115BE,Y,9,45,60,42
BORA,RE000115BE,Y,10,41,78,49
BORA,RE000115BE,Y,11,61,90,54
BORA,RE000115BE,Y,12,80,75,73
FYNE,RE000116GB,N,1,12,7,9
FYNE,RE000116GB,N,2,5,10,8
FYNE,RE000116GB,N,3,7,8,8
FYNE,RE000116GB,N,4,6,9,9
FYNE,RE000116GB,N,5,8,6,9
FYNE,RE000116GB,N,6,3,4,5
FYNE,RE000116GB,N,7,10,9,8
FYNE,RE000116GB,N,8,7,10,11
FYNE,RE000116GB,N,9,4,5,5
FYNE,RE000116GB,N,10,7,6,7
FYNE,RE000116GB,N,11,4,3,4
FYNE,RE000116GB,N,12,6,9,8
CIRA,RE000117DE,Y,1,9,7,7
CIRA,RE000117DE,Y,2,18,10,11
CIRA,RE000117DE,Y,3,13,8,9
CIRA,RE000117DE,Y,4,27,15,15
CIRA,RE000117DE,Y,5,19,12,13
CIRA,RE000117DE,Y,6,10,7,9
CIRA,RE000117DE,Y,7,6,5,5
CIRA,RE000117DE,Y,8,7,5,5
CIRA,RE000117DE,Y,9,10,5,6
CIRA,RE000117DE,Y,10,11,9,9
CIRA,RE000117DE,Y,11,6,5,5
CIRA,RE000117DE,Y,12,22,12,16
EVON,RE000118PL,Y,1,12,10,10
EVON,RE000118PL,Y,2,18,12,12
EVON,RE000118PL,Y,3,9,10,9
EVON,RE000118PL,Y,4,15,13,13
EVON,RE000118PL,Y,5,13,9,9
EVON,RE000118PL,Y,6,10,9,9
EVON,RE000118PL,Y,7,5,4,4
EVON,RE000118PL,Y,8,7,6,6
EVON,RE000118PL,Y,9,5,4,4
EVON,RE000118PL,Y,10,7,5,6
EVON,RE000118PL,Y,11,13,6,8
EVON,RE000118PL,Y,12,24,14,15
DELT,RE000119IT,N,1,200,189,188
DELT,RE000119IT,N,2,220,245,207
DELT,RE000119IT,N,3,264,270,235
DELT,RE000119IT,N,4,260,308,247
DELT,RE000119IT,N,5,302,369,336
DELT,RE000119IT,N,6,385,388,418
DELT,RE000119IT,N,7,352,494,430
DELT,RE000119IT,N,8,385,331,379
DELT,RE000119IT,N,9,411,361,348
DELT,RE000119IT,N,10,276,272,283
DELT,RE000119IT,N,11,291,207,260
DELT,RE000119IT,N,12,169,174,176
DELT,RE000120GB,N,1,26,20,23
DELT,RE000120GB,N,2,7,20,15
DELT,RE000120GB,N,3,13,20,17
DELT,RE000120GB,N,4,12,8,14
DELT,RE000120GB,N,5,8,8,9
DELT,RE000120GB,N,6,9,13,11
DELT,RE000120GB,N,7,15,11,13
DELT,RE000120GB,N,8,7,20,17
DELT,RE000120GB,N,9,22,22,22
DELT,RE000120GB,N,10,26,25,26
DELT,RE000120GB,N,11,28,45,33
DELT,RE000120GB,N,12,16,21,23
CIRA,RE000121PL,N,1,26,19,23
CIRA,RE000121PL,N,2,20,24,24
CIRA,RE000121PL,N,3,17,18,17
CIRA,RE000121PL,N,4,25,17,20
CIRA,RE000121PL,N,5,13,12,13
CIRA,RE000121PL,N,6,22,22,21
CIRA,RE000121PL,N,7,10,10,11
CIRA,RE000121PL,N,8,10,11,11
CIRA,RE000121PL,N,9,16,21,19
CIRA,RE000121PL,N,10,14,12,13
CIRA,RE000121PL,N,11,29,36,33
CIRA,RE000121PL,N,12,27,26,28
BORA,RE000122DE,N,1,7,7,7
BORA,RE000122DE,N,2,17,15,15
BORA,RE000122DE,N,3,9,10,9
BORA,RE000122DE,N,4,9,9,9
BORA,RE000122DE,N,5,4,3,4
BORA,RE000122DE,N,6,5,4,5
BORA,RE000122DE,N,7,1,2,2
BORA,RE000122DE,N,8,5,4,5
BORA,RE000122DE,N,9,8,11,9
BORA,RE000122DE,N,10,13,12,13
BORA,RE000122DE,N,11,13,13,13
BORA,RE000122DE,N,12,11,10,11
ACME,RE000123NL,N,1,105,149,130
ACME,RE000123NL,N,2,149,194,153
ACME,RE000123NL,N,3,162,131,167
ACME,RE000123NL,N,4,90,148,156
ACME,RE000123NL,N,5,152,176,152
ACME,RE000123NL,N,6,105,130,127
ACME,RE000123NL,N,7,80,89,93
ACME,RE000123NL,N,8,66,83,81
ACME,RE000123NL,N,9,104,63,83
ACME,RE000123NL,N,10,73,91,81
ACME,RE000123NL,N,11,59,88,93
ACME,RE000123NL,N,12,119,164,126
BORA,RE000124GB,N,1,17,24,24
BORA,RE000124GB,N,2,17,18,19
BORA,RE000124GB,N,3,16,18,16
BORA,RE000124GB,N,4,14,13,12
BORA,RE000124GB,N,5,8,9,14
BORA,RE000124GB,N,6,19,16,21
BORA,RE000124GB,N,7,13,14,17
BORA,RE000124GB,N,8,15,14,17
BORA,RE000124GB,N,9,25,22,27
BORA,RE000124GB,N,10,31,26,35
BORA,RE000124GB,N,11,24,32,32
BORA,RE000124GB,N,12,10,12,13
CIRA,RE000125GB,Y,1,90,123,80
CIRA,RE000125GB,Y,2,104,135,104
CIRA,RE000125GB,Y,3,138,107,115
CIRA,RE000125GB,Y,4,145,146,131
CIRA,RE000125GB,Y,5,171,225,166
CIRA,RE000125GB,Y,6,140,194,147
CIRA,RE000125GB,Y,7,159,265,148
CIRA,RE000125GB,Y,8,126,265,131
CIRA,RE000125GB,Y,9,110,164,102
CIRA,RE000125GB,Y,10,87,167,95
CIRA,RE000125GB,Y,11,75,102,74
CIRA,RE000125GB,Y,12,60,102,55
EVON,RE000126FR,N,1,6,6,6
EVON,RE000126FR,N,2,8,8,9
EVON,RE000126FR,N,3,6,6,7
EVON,RE000126FR,N,4,6,6,7
EVON,RE000126FR,N,5,3,3,3
EVON,RE000126FR,N,6,12,12,12
EVON,RE000126FR,N,7,10,8,10
EVON,RE000126FR,N,8,8,6,9
EVON,RE000126FR,N,9,8,7,7
EVON,RE000126FR,N,10,15,14,14
EVON,RE000126FR,N,11,3,3,4
EVON,RE000126FR,N,12,4,3,4
ACME,RE000127IT,N,1,29,32,28
ACME,RE000127IT,N,2,36,16,28
ACME,RE000127IT,N,3,18,17,23
ACME,RE000127IT,N,4,12,13,12
ACME,RE000127IT,N,5,18,16,16
ACME,RE000127IT,N,6,7,11,12
ACME,RE000127IT,N,7,24,30,24
ACME,RE000127IT,N,8,20,14,17
ACME,RE000127IT,N,9,43,24,27
ACME,RE000127IT,N,10,34,17,27
ACME,RE000127IT,N,11,34,38,30
ACME,RE000127IT,N,12,37,16,34
DELT,RE000128GB,N,1,10,11,9
DELT,RE000128GB,N,2,8,11,9
DELT,RE000128GB,N,3,8,9,10
DELT,RE000128GB,N,4,7,8,7
DELT,RE000128GB,N,5,5,5,6
DELT,RE000128GB,N,6,3,3,4
DELT,RE000128GB,N,7,4,4,4
DELT,RE000128GB,N,8,9,8,9
DELT,RE000128GB,N,9,7,9,8
DELT,RE000128GB,N,10,11,8,11
DELT,RE000128GB,N,11,7,6,7
DELT,RE000128GB,N,12,9,8,8
ACME,RE000129ES,Y,1,141,167,135
ACME,RE000129ES,Y,2,126,234,145
ACME,RE000129ES,Y,3,175,162,146
ACME,RE000129ES,Y,4,138,123,127
ACME,RE000129ES,Y,5,130,155,120
ACME,RE000129ES,Y,6,90,139,89
ACME,RE000129ES,Y,7,93,142,85
ACME,RE000129ES,Y,8,110,80,90
ACME,RE000129ES,Y,9,76,91,79
ACME,RE000129ES,Y,10,116,171,110
ACME,RE000129ES,Y,11,123,171,124
ACME,RE000129ES,Y,12,164,269,150
BORA,RE000130PL,Y,1,259,150,162
BORA,RE000130PL,Y,2,269,131,142
BORA,RE000130PL,Y,3,198,114,120
BORA,RE000130PL,Y,4,124,119,100
BORA,RE000130PL,Y,5,112,76,78
BORA,RE000130PL,Y,6,106,68,74
BORA,RE000130PL,Y,7,174,91,91
BORA,RE000130PL,Y,8,117,82,84
BORA,RE000130PL,Y,9,167,101,123
BORA,RE000130PL,Y,10,211,136,144
BORA,RE000130PL,Y,11,235,144,149
BORA,RE000130PL,Y,12,193,132,154
CIRA,RE000131GB,N,1,139,199,171
CIRA,RE000131GB,N,2,109,121,121
CIRA,RE000131GB,N,3,125,96,107
CIRA,RE000131GB,N,4,115,117,117
CIRA,RE000131GB,N,5,105,72,88
CIRA,RE000131GB,N,6,80,81,82
CIRA,RE000131GB,N,7,112,91,104
CIRA,RE000131GB,N,8,134,125,121
CIRA,RE000131GB,N,9,132,146,144
CIRA,RE000131GB,N,10,181,154,171
CIRA,RE000131GB,N,11,172,166,167
CIRA,RE000131GB,N,12,173,109,148
DELT,RE000132GB,N,1,19,20,18
DELT,RE000132GB,N,2,18,24,19
DELT,RE000132GB,N,3,27,34,31
DELT,RE000132GB,N,4,28,26,29
DELT,RE000132GB,N,5,24,21,24
DELT,RE000132GB,N,6,18,15,17
DELT,RE000132GB,N,7,17,15,15
DELT,RE000132GB,N,8,11,9,11
DELT,RE000132GB,N,9,10,10,11
DELT,RE000132GB,N,10,18,18,18
DELT,RE000132GB,N,11,18,17,19
DELT,RE000132GB,N,12,21,24,23
ACME,RE000133NL,Y,1,301,222,257
ACME,RE000133NL,Y,2,215,325,194
ACME,RE000133NL,Y,3,196,306,215
ACME,RE000133NL,Y,4,191,240,204
ACME,RE000133NL,Y,5,301,435,272
ACME,RE000133NL,Y,6,330,525,355
ACME,RE000133NL,Y,7,326,307,363
ACME,RE000133NL,Y,8,452,453,402
ACME,RE000133NL,Y,9,343,668,380
ACME,RE000133NL,Y,10,368,453,348
ACME,RE000133NL,Y,11,304,440,288
ACME,RE000133NL,Y,12,236,309,209
DELT,RE000134ES,N,1,55,71,70
DELT,RE000134ES,N,2,66,85,78
DELT,RE000134ES,N,3,74,77,93
DELT,RE000134ES,N,4,80,144,109
DELT,RE000134ES,N,5,104,112,123
DELT,RE000134ES,N,6,157,118,143
DELT,RE000134ES,N,7,90,218,163
DELT,RE000134ES,N,8,197,174,156
DELT,RE000134ES,N,9,128,141,135
DELT,RE000134ES,N,10,105,115,106
DELT,RE000134ES,N,11,86,76,86
DELT,RE000134ES,N,12,91,83,95
DELT,RE000135BE,Y,1,1720,1240,1156
DELT,RE000135BE,Y,2,1921,1130,1224
DELT,RE000135BE,Y,3,2315,1274,1219
DELT,RE000135BE,Y,4,1723,967,1112
DELT,RE000135BE,Y,5,1336,898,961
DELT,RE000135BE,Y,6,1148,865,790
DELT,RE000135BE,Y,7,1010,636,648
DELT,RE000135BE,Y,8,917,534,566
DELT,RE000135BE,Y,9,1155,675,630
DELT,RE000135BE,Y,10,1439,674,812
DELT,RE000135BE,Y,11,1351,1151,897
DELT,RE000135BE,Y,12,1667,1257,1096
BORA,RE000136PL,Y,1,992,1085,1127
BORA,RE000136PL,Y,2,806,1197,908
BORA,RE000136PL,Y,3,706,809,737
BORA,RE000136PL,Y,4,695,761,561
BORA,RE000136PL,Y,5,787,687,604
BORA,RE000136PL,Y,6,706,620,667
BORA,RE000136PL,Y,7,1002,572,846
BORA,RE000136PL,Y,8,1286,795,1032
BORA,RE000136PL,Y,9,1134,1037,1172
BORA,RE000136PL,Y,10,1187,1193,1265
BORA,RE000136PL,Y,11,1493,1469,1188
BORA,RE000136PL,Y,12,1086,1243,1023
ACME,RE000137GB,N,1,3,3,3
ACME,RE000137GB,N,2,8,8,7
ACME,RE000137GB,N,3,7,5,6
ACME,RE000137GB,N,4,3,3,4
ACME,RE000137GB,N,5,3,3,3
ACME,RE000137GB,N,6,12,11,10
ACME,RE000137GB,N,7,11,12,11
ACME,RE000137GB,N,8,7,6,9
ACME,RE000137GB,N,9,11,9,11
ACME,RE000137GB,N,10,6,4,6
ACME,RE000137GB,N,11,6,6,6
ACME,RE000137GB,N,12,2,2,2
BORA,RE000138PL,N,1,9,13,11
BORA,RE000138PL,N,2,11,11,11
BORA,RE000138PL,N,3,8,14,14
BORA,RE000138PL,N,4,5,4,6
BORA,RE000138PL,N,5,17,13,14
BORA,RE000138PL,N,6,4,4,4
BORA,RE000138PL,N,7,6,4,5
BORA,RE000138PL,N,8,2,2,3
BORA,RE000138PL,N,9,2,2,3
BORA,RE000138PL,N,10,1,2,2
BORA,RE000138PL,N,11,11,8,11
BORA,RE000138PL,N,12,7,8,8
FYNE,RE000139NL,N,1,10,9,9
FYNE,RE000139NL,N,2,8,6,7
FYNE,RE000139NL,N,3,4,4,4
FYNE,RE000139NL,N,4,6,7,7
FYNE,RE000139NL,N,5,8,8,8
FYNE,RE000139NL,N,6,7,8,8
FYNE,RE000139NL,N,7,9,13,12
FYNE,RE000139NL,N,8,12,14,14
FYNE,RE000139NL,N,9,16,12,15
FYNE,RE000139NL,N,10,8,10,11
FYNE,RE000139NL,N,11,10,9,11
FYNE,RE000139NL,N,12,10,9,9
FYNE,RE000140IT,N,1,227,213,218
FYNE,RE000140IT,N,2,207,237,210
FYNE,RE000140IT,N,3,232,183,224
FYNE,RE000140IT,N,4,291,288,268
FYNE,RE000140IT,N,5,224,305,321
FYNE,RE000140IT,N,6,273,468,365
FYNE,RE000140IT,N,7,452,320,399
FYNE,RE000140IT,N,8,411,460,400
FYNE,RE000140IT,N,9,316,335,349
FYNE,RE000140IT,N,10,289,367,296
FYNE,RE000140IT,N,11,214,259,231
FYNE,RE000140IT,N,12,174,191,178
CIRA,RE000141IT,Y,1,76,65,68
CIRA,RE000141IT,Y,2,67,69,66
CIRA,RE000141IT,Y,3,46,66,54
CIRA,RE000141IT,Y,4,62,56,58
CIRA,RE000141IT,Y,5,57,65,46
CIRA,RE000141IT,Y,6,45,41,41
CIRA,RE000141IT,Y,7,48,45,41
CIRA,RE000141IT,Y,8,32,36,33
CIRA,RE000141IT,Y,9,47,34,45
CIRA,RE000141IT,Y,10,58,44,57
CIRA,RE000141IT,Y,11,88,57,76
CIRA,RE000141IT,Y,12,71,66,72
ACME,RE000142BE,Y,1,47,67,45
ACME,RE000142BE,Y,2,61,44,66
ACME,RE000142BE,Y,3,111,62,96
ACME,RE000142BE,Y,4,55,89,54
ACME,RE000142BE,Y,5,55,52,43
ACME,RE000142BE,Y,6,55,39,47
ACME,RE000142BE,Y,7,49,43,50
ACME,RE000142BE,Y,8,31,53,39
ACME,RE000142BE,Y,9,40,38,40
ACME,RE000142BE,Y,10,35,42,41
ACME,RE000142BE,Y,11,55,41,54
ACME,RE000142BE,Y,12,64,47,71
FYNE,RE000143FR,Y,1,24,24,21
FYNE,RE000143FR,Y,2,53,34,37
FYNE,RE000143FR,Y,3,51,40,39
FYNE,RE000143FR,Y,4,41,40,37
FYNE,RE000143FR,Y,5,72,55,45
FYNE,RE000143FR,Y,6,85,66,62
FYNE,RE000143FR,Y,7,76,63,57
FYNE,RE000143FR,Y,8,96,65,67
FYNE,RE000143FR,Y,9,94,63,56
FYNE,RE000143FR,Y,10,57,29,37
FYNE,RE000143FR,Y,11,61,38,38
FYNE,RE000143FR,Y,12,36,24,25
CIRA,RE000144ES,Y,1,126,73,73
CIRA,RE000144ES,Y,2,95,68,59
CIRA,RE000144ES,Y,3,78,51,47
CIRA,RE000144ES,Y,4,71,56,51
CIRA,RE000144ES,Y,5,52,33,35
CIRA,RE000144ES,Y,6,46,41,36
CIRA,RE000144ES,Y,7,44,25,28
CIRA,RE000144ES,Y,8,82,60,54
CIRA,RE000144ES,Y,9,101,54,62
CIRA,RE000144ES,Y,10,82,49,50
CIRA,RE000144ES,Y,11,96,64,64
CIRA,RE000144ES,Y,12,75,65,63
ACME,RE000145BE,Y,1,4,5,4
ACME,RE000145BE,Y,2,11,22,11
ACME,RE000145BE,Y,3,5,4,5
ACME,RE000145BE,Y,4,4,5,6
ACME,RE000145BE,Y,5,7,5,7
ACME,RE000145BE,Y,6,19,17,18
ACME,RE000145BE,Y,7,13,14,14
ACME,RE000145BE,Y,8,6,9,6
ACME,RE000145BE,Y,9,5,8,6
ACME,RE000145BE,Y,10,4,6,5
ACME,RE000145BE,Y,11,3,1,3
ACME,RE000145BE,Y,12,5,6,5
DELT,RE000146GB,N,1,10,8,10
DELT,RE000146GB,N,2,5,5,5
DELT,RE000146GB,N,3,7,5,7
DELT,RE000146GB,N,4,8,8,8
DELT,RE000146GB,N,5,5,5,6
DELT,RE000146GB,N,6,7,6,7
DELT,RE000146GB,N,7,7,6,7
DELT,RE000146GB,N,8,7,6,7
DELT,RE000146GB,N,9,2,2,3
DELT,RE000146GB,N,10,16,15,15
DELT,RE000146GB,N,11,11,8,9
DELT,RE000146GB,N,12,12,11,11
FYNE,RE000147NL,N,1,398,396,386
FYNE,RE000147NL,N,2,331,338,350
FYNE,RE000147NL,N,3,319,324,311
FYNE,RE000147NL,N,4,218,266,245
FYNE,RE000147NL,N,5,252,265,228
FYNE,RE000147NL,N,6,197,121,192
FYNE,RE000147NL,N,7,203,213,195
FYNE,RE000147NL,N,8,280,267,254
FYNE,RE000147NL,N,9,315,285,311
FYNE,RE000147NL,N,10,418,369,409
FYNE,RE000147NL,N,11,326,416,396
FYNE,RE000147NL,N,12,265,395,387
CIRA,RE000148FR,Y,1,8,17,10
CIRA,RE000148FR,Y,2,17,9,20
CIRA,RE000148FR,Y,3,20,16,21
CIRA,RE000148FR,Y,4,26,21,25
CIRA,RE000148FR,Y,5,24,26,20
CIRA,RE000148FR,Y,6,27,19,26
CIRA,RE000148FR,Y,7,29,26,27
CIRA,RE000148FR,Y,8,24,28,19
CIRA,RE000148FR,Y,9,15,17,13
CIRA,RE000148FR,Y,10,15,15,15
CIRA,RE000148FR,Y,11,15,14,12
CIRA,RE000148FR,Y,12,20,10,18
DELT,RE000149NL,Y,1,98,62,65
DELT,RE000149NL,Y,2,76,63,60
DELT,RE000149NL,Y,3,77,73,68
DELT,RE000149NL,Y,4,65,35,45
DELT,RE000149NL,Y,5,79,33,44
DELT,RE000149NL,Y,6,43,27,30
DELT,RE000149NL,Y,7,54,37,37
DELT,RE000149NL,Y,8,26,23,23
DELT,RE000149NL,Y,9,55,44,38
DELT,RE000149NL,Y,10,83,61,58
DELT,RE000149NL,Y,11,105,51,56
DELT,RE000149NL,Y,12,104,65,79
DELT,RE000150DE,N,1,59,65,60
DELT,RE000150DE,N,2,55,59,55
DELT,RE000150DE,N,3,64,57,66
DELT,RE000150DE,N,4,49,51,62
DELT,RE000150DE,N,5,40,53,46
DELT,RE000150DE,N,6,39,42,36
DELT,RE000150DE,N,7,42,44,43
DELT,RE000150DE,N,8,30,30,30
DELT,RE000150DE,N,9,35,34,34
DELT,RE000150DE,N,10,56,62,55
DELT,RE000150DE,N,11,65,56,64
DELT,RE000150DE,N,12,49,57,56
